reltime,datetime,sdnn,rmssd
0.001,2024/05/28 15:34:05.2439,,
0.001,2024/05/28 15:34:05.2439,,
0.037,2024/05/28 15:34:05.2799,,
1.022,2024/05/28 15:34:06.2649,,
1.515,2024/05/28 15:34:06.7579,,
1.607,2024/05/28 15:34:06.8499,,
1.853,2024/05/28 15:34:07.0959,,
2.008,2024/05/28 15:34:07.2509,,
2.099,2024/05/28 15:34:07.3419,,
2.5,2024/05/28 15:34:07.7429,53.62886867681953,
3.238,2024/05/28 15:34:08.4809,53.558124755005444,77.88067796315077
3.731,2024/05/28 15:34:08.9739,51.21316118721709,75.08964339677307
4.716,2024/05/28 15:34:09.9589,49.335325670095244,72.48390625971166
4.808,2024/05/28 15:34:10.0509,49.56026412580728,70.3524096137548
5.054,2024/05/28 15:34:10.2969,49.49093231039783,67.79327821715492
5.209,2024/05/28 15:34:10.4519,48.098336769580705,65.83767918145354
5.301,2024/05/28 15:34:10.5439,47.86761769222917,64.07758968625458
5.951,2024/05/28 15:34:11.1939,46.45371580851525,63.24508816082549
6.44,2024/05/28 15:34:11.6829,45.150948906246725,61.49209524628168
6.932,2024/05/28 15:34:12.1749,44.00296042672343,59.92627048913391
7.918,2024/05/28 15:34:13.1609,43.87775225392866,58.87316876132964
8.011,2024/05/28 15:34:13.2539,43.908725675840216,60.4416286692415
8.257,2024/05/28 15:34:13.4999,43.84760709800871,59.05198018387159
8.41,2024/05/28 15:34:13.6529,44.56447860822774,61.473925189960575
8.502,2024/05/28 15:34:13.7449,44.50816404511274,63.61308827592008
8.903,2024/05/28 15:34:14.1459,45.00333320988568,65.39724764850583
9.241,2024/05/28 15:34:14.4839,44.952713363560584,67.00200915472035
9.488,2024/05/28 15:34:14.7309,44.84958695167046,65.74952471311104
9.641,2024/05/28 15:34:14.8839,45.07481465581591,66.91412406958638
9.737,2024/05/28 15:34:14.9799,44.984543961257394,67.98047386997392
9.98,2024/05/28 15:34:15.2229,44.663865926946244,66.83786352061233
10.134,2024/05/28 15:34:15.3769,45.29591085550532,67.6941651843052
10.227,2024/05/28 15:34:15.4699,45.59225836683796,69.29333782310293
10.473,2024/05/28 15:34:15.7159,45.48463173576249,69.27385269108876
10.627,2024/05/28 15:34:15.8699,44.89113267788472,70.8201948599409
10.719,2024/05/28 15:34:15.9619,44.59948198245636,69.75026881668629
10.966,2024/05/28 15:34:16.2089,44.3038100642247,69.75026881668629
11.212,2024/05/28 15:34:16.4549,42.536745440191844,66.15940346365485
11.366,2024/05/28 15:34:16.6089,42.74034138386352,64.308371668599
11.458,2024/05/28 15:34:16.7009,40.58000470193663,62.13909129257256
11.705,2024/05/28 15:34:16.9479,38.690579209159374,62.10662873907529
11.858,2024/05/28 15:34:17.1009,39.383598313155176,63.658725508239115
11.95,2024/05/28 15:34:17.1929,39.7610824571078,65.2620359269716
12.196,2024/05/28 15:34:17.4389,39.7610824571078,64.93021895337588
12.443,2024/05/28 15:34:17.6859,39.7610824571078,64.93021895337588
12.597,2024/05/28 15:34:17.8399,41.21075632382417,66.76401226209622
12.689,2024/05/28 15:34:17.9319,41.21075632382417,68.54876609635897
12.935,2024/05/28 15:34:18.1779,41.48030968970734,67.98627312431042
13.089,2024/05/28 15:34:18.3319,43.073260233309966,70.10373266334207
13.182,2024/05/28 15:34:18.4249,43.2574357437706,72.13482746450104
13.428,2024/05/28 15:34:18.6709,42.254034698190296,71.88277494179904
13.674,2024/05/28 15:34:18.9169,42.254034698190296,70.14698853122634
13.828,2024/05/28 15:34:19.0709,44.06323825500399,72.57685581505994
13.921,2024/05/28 15:34:19.1639,42.314694059313965,72.62345810181905
14.167,2024/05/28 15:34:19.4099,42.314694059313965,70.24338640280189
14.321,2024/05/28 15:34:19.5639,43.409954364535345,71.10532094482568
14.813,2024/05/28 15:34:20.0559,46.47660392760731,68.78517282089214
15.305,2024/05/28 15:34:20.5479,50.06048066227423,68.8471737497868
16.291,2024/05/28 15:34:21.5339,53.47751702899272,66.76276407299706
16.383,2024/05/28 15:34:21.6259,53.21260761506995,66.44922873894023
16.63,2024/05/28 15:34:21.8729,52.84883017224421,66.44922873894023
16.783,2024/05/28 15:34:22.0259,56.36677916205116,66.71056887780226
16.876,2024/05/28 15:34:22.1189,55.83070674899208,66.97088919821806
17.03,2024/05/28 15:34:22.2729,58.6923500468586,69.0897966417618
17.522,2024/05/28 15:34:22.7649,61.85206674735722,67.45047565930626
18.508,2024/05/28 15:34:23.7509,63.86350386908608,65.76828009509346
19.585,2024/05/28 15:34:24.8279,63.06504578607702,66.9298139845017
19.831,2024/05/28 15:34:25.0739,62.092996625102955,66.9298139845017
20.078,2024/05/28 15:34:25.3209,62.19302544331714,65.06202169212594
21.216,2024/05/28 15:34:26.4589,60.878020116732785,63.376125894009434
21.709,2024/05/28 15:34:26.9519,59.44045605555144,63.41398373650195
22.201,2024/05/28 15:34:27.4439,59.49117581625016,61.6289975038807
22.693,2024/05/28 15:34:27.9359,58.47232374104991,59.77820115504759
22.786,2024/05/28 15:34:28.0289,56.96731266826325,60.8747347701272
23.033,2024/05/28 15:34:28.2759,55.2378867982024,60.8747347701272
23.279,2024/05/28 15:34:28.5219,55.27818883537637,58.666003784133785
23.432,2024/05/28 15:34:28.6749,54.229874703384816,57.7612903826314
23.925,2024/05/28 15:34:29.1679,52.942866624662194,57.77167702833861
24.911,2024/05/28 15:34:30.1539,52.88983345368569,55.7455528869045
25.403,2024/05/28 15:34:30.6459,50.88576342691752,53.35884806352801
25.895,2024/05/28 15:34:31.1379,48.64504322009635,53.37415104711268
26.234,2024/05/28 15:34:31.4769,45.77160943079279,53.601305954239585
26.388,2024/05/28 15:34:31.6309,45.930744968194404,50.50346522764552
26.48,2024/05/28 15:34:31.7229,42.6442649524331,47.20275415693453
26.881,2024/05/28 15:34:32.1239,38.841795240066375,47.30468616673546
27.62,2024/05/28 15:34:32.8629,38.674533484320975,42.32414598468979
28.112,2024/05/28 15:34:33.3549,38.33549719030087,42.31823877872676
29.097,2024/05/28 15:34:34.3399,37.399505190653635,42.217689815210555
29.189,2024/05/28 15:34:34.4319,35.93840516101436,42.32493354985924
29.436,2024/05/28 15:34:34.6789,35.93840516101436,39.30479190463507
29.589,2024/05/28 15:34:34.8319,35.66349754961291,39.568927203046584
29.682,2024/05/28 15:34:34.9249,33.85603394496676,36.46687995062552
30.082,2024/05/28 15:34:35.3249,33.62301141408525,33.04340579702199
30.821,2024/05/28 15:34:36.0639,30.855782445836823,28.35254250797742
31.314,2024/05/28 15:34:36.5569,27.790451514904976,28.55871145552614
31.806,2024/05/28 15:34:37.0489,24.422620003105276,28.560462181134255
32.391,2024/05/28 15:34:37.6339,24.914658935755952,28.02855686616776
32.638,2024/05/28 15:34:37.8809,25.32465065967287,28.02855686616776
32.791,2024/05/28 15:34:38.0339,25.73894138165481,29.77303030148818
32.884,2024/05/28 15:34:38.1269,26.03377558604119,30.939726350869147
33.037,2024/05/28 15:34:38.2799,26.40987711435607,32.2893171188243
33.53,2024/05/28 15:34:38.7729,26.148317015796767,32.01562118716424
34.515,2024/05/28 15:34:39.7579,24.323962925760657,31.77577693778706
35.007,2024/05/28 15:34:40.2499,24.335986314202334,29.635001827793655
35.5,2024/05/28 15:34:40.7429,24.294647251142734,29.715876788904165
35.839,2024/05/28 15:34:41.0819,24.332467312568763,29.761272374233823
35.993,2024/05/28 15:34:41.2359,21.869019707990823,27.668875413841214
36.086,2024/05/28 15:34:41.3289,19.275498115125117,28.335490113989557
38.209,2024/05/28 15:34:43.4519,19.265984556194507,27.71942760351784
38.702,2024/05/28 15:34:43.9449,19.018925843219172,27.158178633087065
38.795,2024/05/28 15:34:44.0379,18.481926555296866,27.128091221708416
39.041,2024/05/28 15:34:44.2839,18.49911461068598,26.67645653630432
39.194,2024/05/28 15:34:44.4369,17.912976096775864,26.21958555482269
39.287,2024/05/28 15:34:44.5299,17.937439174472935,25.754611237601704
39.534,2024/05/28 15:34:44.7769,17.73703185007458,25.566905692059542
39.686,2024/05/28 15:34:44.9289,17.73703185007458,25.52776266472772
39.78,2024/05/28 15:34:45.0229,17.861697284553973,25.506208394558897
40.025,2024/05/28 15:34:45.2679,17.976389368074695,25.505554950507022
40.179,2024/05/28 15:34:45.4219,17.556116922010272,25.216396781988237
40.272,2024/05/28 15:34:45.5149,17.07306812416558,25.21705771893303
40.518,2024/05/28 15:34:45.7609,17.145087430179256,24.800537628581093
40.764,2024/05/28 15:34:46.0069,16.122376824858787,24.102558647026115
40.918,2024/05/28 15:34:46.1609,16.748340113327924,23.65797962633327
41.504,2024/05/28 15:34:46.7469,16.78535897328544,23.878860944358298
41.656,2024/05/28 15:34:46.8989,17.995018467763728,24.42744358298674
41.903,2024/05/28 15:34:47.1459,19.105394315585542,24.425396619093007
42.242,2024/05/28 15:34:47.4849,17.43559577416228,22.658331800907145
42.488,2024/05/28 15:34:47.7309,15.431122455280791,22.658331800907145
42.642,2024/05/28 15:34:47.8849,16.7158813604057,21.29319140006965
42.735,2024/05/28 15:34:47.9779,14.35013716943486,19.834313701260246
42.981,2024/05/28 15:34:48.2239,14.318864656719745,17.414553300807537
43.135,2024/05/28 15:34:48.3779,15.472630637695765,18.426430292743447
43.227,2024/05/28 15:34:48.4699,15.472630637695765,19.364916731037084
43.474,2024/05/28 15:34:48.7169,15.425199564646881,19.343388189938874
43.627,2024/05/28 15:34:48.8699,15.770953950403076,19.934894030317793
43.72,2024/05/28 15:34:48.9629,14.785088791573086,20.560479890638092
43.966,2024/05/28 15:34:49.2089,14.786954486590306,19.601020381602584
44.213,2024/05/28 15:34:49.4559,13.691384991610358,18.59211302317912
44.366,2024/05/28 15:34:49.6089,13.868678015046896,18.03607496103296
44.458,2024/05/28 15:34:49.7009,13.743295125970624,18.20988742414406
44.858,2024/05/28 15:34:50.1009,13.577195214220243,18.26836975029062
45.198,2024/05/28 15:34:50.4409,13.438835472263298,18.326665454104482
45.445,2024/05/28 15:34:50.6879,13.22641036088289,18.323027406335815
45.597,2024/05/28 15:34:50.8399,13.259956137996712,18.363913889292046
45.69,2024/05/28 15:34:50.9329,13.11141469873813,18.40833144711021
45.937,2024/05/28 15:34:51.1799,13.02027596508169,18.404709542215908
46.089,2024/05/28 15:34:51.3319,13.322222381997301,18.480620480203942
46.183,2024/05/28 15:34:51.4259,13.322222381997301,18.57058606147546
46.429,2024/05/28 15:34:51.6719,13.304393881410444,18.569688563175564
46.676,2024/05/28 15:34:51.9189,13.304393881410444,18.568791021496256
46.828,2024/05/28 15:34:52.0709,13.289050025291505,18.569688563175564
46.922,2024/05/28 15:34:52.1649,13.289050025291505,18.57058606147546
47.167,2024/05/28 15:34:52.4099,13.15447565982945,18.277490710342782
47.321,2024/05/28 15:34:52.5639,13.557879331001967,18.549932614432862
47.414,2024/05/28 15:34:52.6569,12.580042578002503,18.066543665017942
47.66,2024/05/28 15:34:52.9029,11.31213365444737,18.065621125958184
47.814,2024/05/28 15:34:53.0569,12.203683257830786,17.763257959432256
47.906,2024/05/28 15:34:53.1489,12.203683257830786,18.58852692747151
48.153,2024/05/28 15:34:53.3959,10.873568078538415,17.455658108475888
48.402,2024/05/28 15:34:53.6449,10.873568078538415,16.243973241379916
48.553,2024/05/28 15:34:53.7959,11.741712655824207,17.085081211396098
48.645,2024/05/28 15:34:53.8879,10.500191569133136,16.57709262808168
48.892,2024/05/28 15:34:54.1349,10.470319298229894,15.443445211480501
49.045,2024/05/28 15:34:54.2879,11.213138845060696,15.957234513954269
49.138,2024/05/28 15:34:54.3809,10.281385925628552,15.579901582915513
49.385,2024/05/28 15:34:54.6279,10.24638988849805,14.652644812456213
49.538,2024/05/28 15:34:54.7809,11.431002409760133,15.518805795979707
49.631,2024/05/28 15:34:54.8739,11.380362194506324,16.33911462309591
49.877,2024/05/28 15:34:55.1199,11.187225884395732,16.041612554021285
50.124,2024/05/28 15:34:55.3669,11.13908929602486,15.738487856207787
50.276,2024/05/28 15:34:55.5189,11.39550223835508,15.87765725792064
50.369,2024/05/28 15:34:55.6119,11.340143322493786,16.015617378046965
50.615,2024/05/28 15:34:55.8579,11.309440670335983,16.05303709582707
50.769,2024/05/28 15:34:56.0119,11.015610657648848,16.028100324118263
50.862,2024/05/28 15:34:56.1049,10.956339685786125,16.00312469488381
51.108,2024/05/28 15:34:56.3509,10.88397535554987,16.00312469488381
51.354,2024/05/28 15:34:56.5969,10.364838882368504,15.898637258163564
51.508,2024/05/28 15:34:56.7509,10.637225893654344,16.131749233524967
51.601,2024/05/28 15:34:56.8439,10.53270767820267,16.46309002992249
51.847,2024/05/28 15:34:57.0899,10.413795006469458,16.46309002992249
52.094,2024/05/28 15:34:57.3369,10.309520206902857,16.46207763315433
52.246,2024/05/28 15:34:57.4889,11.423911200916411,17.34839089560374
52.34,2024/05/28 15:34:57.5829,11.31213365444727,18.19248929274569
52.586,2024/05/28 15:34:57.8289,10.912452024883729,17.610602866833755
52.832,2024/05/28 15:34:58.0749,10.798893089294367,17.008821240756223
52.985,2024/05/28 15:34:58.2279,12.272012827998571,18.169571633182038
53.078,2024/05/28 15:34:58.3209,11.575092164673098,18.465282739960053
53.325,2024/05/28 15:34:58.5679,11.503322858269954,17.63424698326148
53.477,2024/05/28 15:34:58.7199,14.512182753667666,20.0274811197015
53.571,2024/05/28 15:34:58.8139,14.481220498508538,22.163784273750124
53.818,2024/05/28 15:34:59.0609,13.893519534569293,21.52208168370337
53.97,2024/05/28 15:34:59.2129,15.47173916027754,22.423202269078338
54.063,2024/05/28 15:34:59.3059,15.509581762148489,23.6981011897578
54.309,2024/05/28 15:34:59.5519,15.003294657331104,23.355227823052093
54.556,2024/05/28 15:34:59.7989,15.046899860180044,23.007245235649865
54.709,2024/05/28 15:34:59.9519,15.94707482274685,23.878162966749905
54.802,2024/05/28 15:35:00.0449,15.046326927957411,24.18401676038674
55.048,2024/05/28 15:35:00.2909,15.110360303637199,23.63754076322944
55.202,2024/05/28 15:35:00.4449,15.558898108311386,24.18401676038674
55.295,2024/05/28 15:35:00.5379,15.62789283565595,24.71841418861655
55.541,2024/05/28 15:35:00.7839,15.410438319379185,24.585903820414387
55.787,2024/05/28 15:35:01.0299,15.48098574187761,24.452675381915437
55.941,2024/05/28 15:35:01.1839,15.812151590818457,24.95729686217373
56.034,2024/05/28 15:35:01.2769,15.883049592814482,25.45911755475171
56.28,2024/05/28 15:35:01.5229,15.883049592814482,25.442746183015178
56.433,2024/05/28 15:35:01.6759,15.893358693954557,25.678135965577148
56.527,2024/05/28 15:35:01.7699,15.893358693954557,25.911387458027022
56.773,2024/05/28 15:35:02.0159,15.903769523526789,25.702139988724674
56.925,2024/05/28 15:35:02.1679,16.057404207562495,25.514701644346147
57.511,2024/05/28 15:35:02.7539,16.057404207562495,25.538206671573477
57.665,2024/05/28 15:35:02.9079,16.27299434116458,25.579940057266228
57.757,2024/05/28 15:35:02.9999,15.821744094975266,25.029316144606643
58.004,2024/05/28 15:35:03.2469,15.821744094975266,24.422667067023344
58.157,2024/05/28 15:35:03.3999,15.773140271454402,24.43358344574123
58.25,2024/05/28 15:35:03.4929,15.773140271454402,24.444494949442774
58.496,2024/05/28 15:35:03.7389,14.952184325105888,23.594490882407275
58.743,2024/05/28 15:35:03.9859,14.952184325105888,22.712698357233265
58.896,2024/05/28 15:35:04.1389,15.099059877866253,23.004347415216976
58.989,2024/05/28 15:35:04.2319,12.538492457366495,21.26969675383267
59.235,2024/05/28 15:35:04.4779,12.538492457366495,19.033304144752865
59.388,2024/05/28 15:35:04.6309,13.20784336811918,19.756011743264377
59.482,2024/05/28 15:35:04.7249,11.403215920665607,18.96136422658806
59.727,2024/05/28 15:35:04.9699,11.365657082612007,17.37622897332253
59.974,2024/05/28 15:35:05.2169,11.32432028357754,17.37622897332253
60.127,2024/05/28 15:35:05.3699,12.129995119915893,17.92019345133677
60.22,2024/05/28 15:35:05.4629,10.858335428409378,17.30606829987678
60.466,2024/05/28 15:35:05.7089,10.810595058424374,16.08311744241976
60.62,2024/05/28 15:35:05.8629,10.760987434929042,16.084153692376855
60.713,2024/05/28 15:35:05.9559,9.972145113309763,15.267612779999366
60.959,2024/05/28 15:35:06.2019,9.974046781291456,14.386336109887974
61.205,2024/05/28 15:35:06.4479,9.961996753178196,14.386336109887974
61.359,2024/05/28 15:35:06.6019,9.935944268449532,14.386336109887974
61.452,2024/05/28 15:35:06.6949,9.110055073832648,13.44742850262954
61.698,2024/05/28 15:35:06.9409,9.264255867666709,12.485992151206888
61.944,2024/05/28 15:35:07.1869,9.380586458150585,12.485992151206888
62.097,2024/05/28 15:35:07.3399,9.154422334361124,12.029131306956458
62.191,2024/05/28 15:35:07.4339,9.251032871814342,11.554220008291344
62.437,2024/05/28 15:35:07.6799,9.311036585624462,11.554220008291344
62.59,2024/05/28 15:35:07.8329,8.950438247793919,11.554220008291344
62.684,2024/05/28 15:35:07.9269,9.241585175266701,11.744502259922868
62.93,2024/05/28 15:35:08.1729,9.032253827001654,11.653325705565772
63.175,2024/05/28 15:35:08.4179,9.153606160804003,11.561430130683084
63.329,2024/05/28 15:35:08.5719,8.912151074885973,11.802542099056458
63.422,2024/05/28 15:35:08.6649,9.083330697035375,12.016655108639842
63.575,2024/05/28 15:35:08.8179,9.293985201167551,13.038404810405298
63.668,2024/05/28 15:35:08.9109,9.261277685492217,14.004761095189497
63.914,2024/05/28 15:35:09.1569,9.156431067017111,14.004761095189497
64.161,2024/05/28 15:35:09.4039,9.28160955126035,13.520355024924458
64.314,2024/05/28 15:35:09.5569,9.64454464343906,14.12326685532305
64.407,2024/05/28 15:35:09.6499,9.480106212120248,15.14815720365572
64.653,2024/05/28 15:35:09.8959,9.254014351035616,14.192721139137953
64.806,2024/05/28 15:35:10.0489,9.627307903627184,14.261837188805655
64.9,2024/05/28 15:35:10.1429,9.676610026717652,15.238110119040353
65.146,2024/05/28 15:35:10.3889,9.687294677096178,15.238110119040353
65.299,2024/05/28 15:35:10.5419,10.076774251233525,15.653540600558498
65.393,2024/05/28 15:35:10.6359,10.125931204516352,16.058227382456217
65.638,2024/05/28 15:35:10.8809,10.138183201178899,16.058227382456217
65.884,2024/05/28 15:35:11.1269,10.144926822301903,16.05718945934603
66.038,2024/05/28 15:35:11.2809,10.798254435349776,16.89181261242657
66.131,2024/05/28 15:35:11.3739,10.887143108155,17.702165592567106
66.377,2024/05/28 15:35:11.6199,10.957598528747814,17.702165592567106
66.531,2024/05/28 15:35:11.7739,11.916809339230126,18.758997841036177
66.623,2024/05/28 15:35:11.8659,11.991184501420275,19.75938595537152
66.87,2024/05/28 15:35:12.1129,12.08442523802056,19.728997271360075
67.022,2024/05/28 15:35:12.2649,14.207048598672252,21.662563714082104
67.116,2024/05/28 15:35:12.3589,14.300912276984288,23.41936520631306
67.363,2024/05/28 15:35:12.6059,14.3920476125788,23.401566899105994
67.609,2024/05/28 15:35:12.8519,14.478720017090925,23.401566899105994
67.762,2024/05/28 15:35:13.0049,16.589049150693256,25.29953886272765
67.854,2024/05/28 15:35:13.0969,16.589049150693256,26.982710513709826
68.101,2024/05/28 15:35:13.3439,16.589049150693256,26.982710513709826
68.254,2024/05/28 15:35:13.4969,17.86684465514312,28.370172129662286
68.347,2024/05/28 15:35:13.5899,17.98645722976434,29.59786028302271
68.594,2024/05/28 15:35:13.8369,17.98645722976434,29.50254226333724
68.84,2024/05/28 15:35:14.0829,17.803008915258143,29.056267252809103
68.993,2024/05/28 15:35:14.2359,18.61170068260374,29.61306018184094
69.086,2024/05/28 15:35:14.3289,18.61170068260374,30.58975863476751
69.333,2024/05/28 15:35:14.5759,18.61170068260374,30.58975863476751
69.485,2024/05/28 15:35:14.7279,18.84772616548685,30.80476153670619
69.579,2024/05/28 15:35:14.8219,18.740484175346683,30.7728235081974
69.826,2024/05/28 15:35:15.0689,18.62960195402737,30.7728235081974
69.978,2024/05/28 15:35:15.2209,18.775136407664796,30.68006953490599
70.564,2024/05/28 15:35:15.8069,18.659717507809386,30.587034290147628
70.717,2024/05/28 15:35:15.9599,18.683818064604722,30.804220490056228
70.81,2024/05/28 15:35:16.0529,18.41913048479965,30.49918031685442
71.056,2024/05/28 15:35:16.2989,18.297069673056228,29.969428867875788
71.209,2024/05/28 15:35:16.4519,18.219605456444206,30.111459612579395
71.303,2024/05/28 15:35:16.5459,18.082855282626138,30.252823559683375
71.549,2024/05/28 15:35:16.7919,17.89448640442485,29.785902705810344
71.795,2024/05/28 15:35:17.0379,17.76202846446315,29.311544938243475
72.042,2024/05/28 15:35:17.2849,17.62538008068171,29.311544938243475
72.194,2024/05/28 15:35:17.4369,17.248854701276027,28.744854612028682
72.288,2024/05/28 15:35:17.5309,17.111399708965525,28.16676528582341
72.534,2024/05/28 15:35:17.7769,16.96951289271669,28.16676528582341
72.687,2024/05/28 15:35:17.9299,15.678120049159155,26.830331094987752
72.781,2024/05/28 15:35:18.0239,15.49356559067759,25.337061129236492
72.933,2024/05/28 15:35:18.1759,15.435032552121287,25.431607630400926
73.026,2024/05/28 15:35:18.2689,15.21025062705799,25.525803937715004
73.273,2024/05/28 15:35:18.5159,13.349243381201774,23.620612467362765
73.519,2024/05/28 15:35:18.7619,13.11947749169752,21.547621678505497
73.672,2024/05/28 15:35:18.9149,14.061441531045908,22.32562055875118
73.765,2024/05/28 15:35:19.0079,12.627282996038986,21.117133643876322
74.012,2024/05/28 15:35:19.2549,12.364018987256078,19.212842926889643
74.165,2024/05/28 15:35:19.4079,13.897365995367108,20.24763360658886
74.258,2024/05/28 15:35:19.5009,13.550628776181451,21.23205124334434
74.504,2024/05/28 15:35:19.7469,12.703741868884721,19.79898987322333
74.657,2024/05/28 15:35:19.8999,13.997372495636549,19.33994139942863
74.751,2024/05/28 15:35:19.9939,13.58176600505569,20.36827598660885
74.997,2024/05/28 15:35:20.2399,13.175037350815963,19.27865832122834
75.243,2024/05/28 15:35:20.4859,13.01232837178521,18.537349684713114
75.396,2024/05/28 15:35:20.6389,13.978184974180657,19.382122346808842
75.49,2024/05/28 15:35:20.7329,13.716547603566825,19.580602646496864
75.889,2024/05/28 15:35:21.1319,14.128311838372479,19.449935732541636
76.229,2024/05/28 15:35:21.4719,14.090063344693245,19.384701872008932
76.381,2024/05/28 15:35:21.6239,14.40210712552754,19.31924774242862
76.475,2024/05/28 15:35:21.7179,14.148189437797884,19.59676844108062
76.721,2024/05/28 15:35:21.9639,14.151885459858876,19.3778223750761
76.874,2024/05/28 15:35:22.1169,14.360866365182217,19.467922333931785
76.967,2024/05/28 15:35:22.2099,14.031204960504287,19.774562784884356
77.213,2024/05/28 15:35:22.4559,13.669329709705822,19.774562784884356
77.46,2024/05/28 15:35:22.7029,13.272605959852815,19.774562784884356
77.612,2024/05/28 15:35:22.8549,14.323680256552741,20.431185313958984
77.706,2024/05/28 15:35:22.9489,13.872531363698087,21.067352309517524
77.952,2024/05/28 15:35:23.1949,13.38140758535975,21.067352309517524
78.105,2024/05/28 15:35:23.3479,14.52401894920237,21.866260158823074
78.199,2024/05/28 15:35:23.4419,14.256476648765293,22.733968710573468
78.445,2024/05/28 15:35:23.6879,14.266913737252894,22.62815355554521
78.691,2024/05/28 15:35:23.9339,13.98541933668767,22.521841250957554
78.844,2024/05/28 15:35:24.0869,14.591762752659317,23.361649485142667
78.938,2024/05/28 15:35:24.1809,14.267115150325761,24.17229819442082
79.184,2024/05/28 15:35:24.4269,14.072064116744118,23.455631875237696
79.337,2024/05/28 15:35:24.5799,14.056740519160188,23.192671256239546
79.429,2024/05/28 15:35:24.6719,13.904807735489591,23.450657417934647
79.676,2024/05/28 15:35:24.9189,13.291428402001337,22.58982071642004
79.922,2024/05/28 15:35:25.1649,13.07801524538918,21.667179481110747
80.075,2024/05/28 15:35:25.3179,13.85578430189717,22.22086106942453
80.168,2024/05/28 15:35:25.4109,13.188117256895259,21.845670814450475
80.415,2024/05/28 15:35:25.6579,13.000618906576442,20.890189084831185
80.568,2024/05/28 15:35:25.8109,16.216069793271064,23.099783548769455
80.661,2024/05/28 15:35:25.9039,16.08969113810296,25.115732121520963
80.907,2024/05/28 15:35:26.1499,15.648620077976064,24.469709165959998
81.154,2024/05/28 15:35:26.3969,15.523841508222837,23.80616166737791
81.307,2024/05/28 15:35:26.5499,18.885651063491554,25.99358895317587
81.4,2024/05/28 15:35:26.6429,18.890762809908864,28.160255680657446
81.647,2024/05/28 15:35:26.8899,18.680034211984868,27.967838672303586
81.893,2024/05/28 15:35:27.1359,18.687416628038527,27.774088643914133
82.046,2024/05/28 15:35:27.2889,21.612150690555243,30.0616034169836
82.139,2024/05/28 15:35:27.3819,21.357950954282103,31.999479162428045
82.538,2024/05/28 15:35:27.7809,23.306947314126074,33.46988696325898
82.878,2024/05/28 15:35:28.1209,23.346859790322252,35.050439845076596
83.124,2024/05/28 15:35:28.3669,23.396261613156604,35.05091534705858
83.276,2024/05/28 15:35:28.5189,23.620174505666956,35.639397675419076
83.37,2024/05/28 15:35:28.6129,23.67645903938502,36.175498153676706
83.617,2024/05/28 15:35:28.8599,23.83554768268043,36.1920801649569
83.769,2024/05/28 15:35:29.0119,22.892452201895907,36.07030172685927
83.863,2024/05/28 15:35:29.1059,23.08206249873264,35.948110752397916
84.109,2024/05/28 15:35:29.3519,23.26301390817518,35.948110752397916
84.262,2024/05/28 15:35:29.5049,23.29777257371506,35.977770914830174
84.356,2024/05/28 15:35:29.5989,22.39570976977401,35.4682957019364
84.602,2024/05/28 15:35:29.8449,22.585826091376042,34.92086291411864
84.848,2024/05/28 15:35:30.0909,22.767086548020494,34.92086291411864
85.001,2024/05/28 15:35:30.2439,22.475043630811804,34.75581486120944
85.094,2024/05/28 15:35:30.3369,22.6565815968599,34.589979281096234
85.739,2024/05/28 15:35:30.9819,22.68902717224754,34.580341236025994
85.833,2024/05/28 15:35:31.0759,22.803029643438588,34.58805188693537
86.232,2024/05/28 15:35:31.4749,22.594781210072263,34.26611543006687
86.572,2024/05/28 15:35:31.8149,22.699840497692712,33.94112549695428
86.725,2024/05/28 15:35:31.9679,22.646432821533505,34.02401112939704
86.819,2024/05/28 15:35:32.0619,21.098264895701703,32.650676358487075
87.064,2024/05/28 15:35:32.3069,21.191545700948904,31.126623116982458
87.217,2024/05/28 15:35:32.4599,21.225364353858,31.38470965295043
87.311,2024/05/28 15:35:32.5539,21.321323846673213,31.640691100754
87.557,2024/05/28 15:35:32.7999,18.700451774000822,29.546573405388315
87.803,2024/05/28 15:35:33.0459,18.782144859340423,27.29224554093464
87.956,2024/05/28 15:35:33.1989,18.88272944424014,27.586228448267445
88.05,2024/05/28 15:35:33.2929,18.967273690870122,27.877111280283927
88.296,2024/05/28 15:35:33.5389,15.51491681183532,25.393568739610693
88.449,2024/05/28 15:35:33.6919,15.735639320586714,23.025348350604094
88.542,2024/05/28 15:35:33.7849,12.035579438224191,20.96425529323663
88.789,2024/05/28 15:35:34.0319,12.099016773959935,18.19890106572372
89.035,2024/05/28 15:35:34.2779,12.15612044888617,18.197985236466884
89.188,2024/05/28 15:35:34.4309,8.585205130132396,16.073788186568425
89.281,2024/05/28 15:35:34.5239,8.627675330540118,13.73559851869101
89.527,2024/05/28 15:35:34.7699,8.627675330540118,13.69184672228939
89.68,2024/05/28 15:35:34.9229,7.614339164993737,12.658330590300338
89.773,2024/05/28 15:35:35.0159,7.752567242571416,12.14084016862095
90.019,2024/05/28 15:35:35.2619,7.867363109636324,12.14084016862095
90.172,2024/05/28 15:35:35.4149,8.48589092715688,12.953763931769021
90.266,2024/05/28 15:35:35.5089,8.60693385270528,13.718600511714014
90.512,2024/05/28 15:35:35.7549,8.707309652201776,13.718600511714014
90.665,2024/05/28 15:35:35.9079,9.054179196346661,14.294521094927712
90.759,2024/05/28 15:35:36.0019,9.178247647839616,14.830149471038157
91.005,2024/05/28 15:35:36.2479,9.257553610462642,14.812157169028419
91.251,2024/05/28 15:35:36.4939,9.359302950762551,14.794142985204202
91.498,2024/05/28 15:35:36.7409,9.407810401561992,14.776106839534334
91.65,2024/05/28 15:35:36.8929,9.567665853544016,15.027752105133134
91.744,2024/05/28 15:35:36.9869,9.616556604084135,15.275252316519467
91.897,2024/05/28 15:35:37.1399,9.524318541406286,15.222789932641563
91.99,2024/05/28 15:35:37.2329,9.573430665788395,15.17014612102775
92.236,2024/05/28 15:35:37.4789,9.605075286762778,15.17014612102775
92.482,2024/05/28 15:35:37.7249,9.175429458458076,14.628738838327793
92.635,2024/05/28 15:35:37.8779,9.293985201169253,14.07716827585245
92.729,2024/05/28 15:35:37.9719,9.496581357060869,14.087819798203931
92.975,2024/05/28 15:35:38.2179,9.656455169304735,14.087819798203931
93.221,2024/05/28 15:35:38.4639,9.465545505893926,13.503086067019396
93.468,2024/05/28 15:35:38.7109,9.595796493508871,12.891857895586655
93.62,2024/05/28 15:35:38.8629,10.203729315991806,13.020496662314127
93.714,2024/05/28 15:35:38.9569,9.992871022102497,12.459266966131407
93.867,2024/05/28 15:35:39.1099,12.13852042717415,12.869861434115494
93.96,2024/05/28 15:35:39.2029,12.090701281202332,13.916417163432069
94.207,2024/05/28 15:35:39.4499,12.011727985406784,13.916417163432069
94.453,2024/05/28 15:35:39.6959,12.028510193339226,13.886444229295465
94.605,2024/05/28 15:35:39.8479,14.876850797637566,15.925869939608742
94.699,2024/05/28 15:35:39.9419,14.683676134659947,17.7557502422924
94.945,2024/05/28 15:35:40.1879,13.857277435738544,17.620064320730123
95.098,2024/05/28 15:35:40.3409,16.788611356046054,19.269146322554096
95.191,2024/05/28 15:35:40.4339,16.76600282043108,21.24460715883759
95.438,2024/05/28 15:35:40.6809,15.715136564515355,20.707486568871655
95.684,2024/05/28 15:35:40.9269,15.674270592939163,20.156057815621253
95.837,2024/05/28 15:35:41.0799,17.708235631913933,21.83575050232989
95.93,2024/05/28 15:35:41.1729,16.79025442565248,23.047776465420693
96.177,2024/05/28 15:35:41.4199,16.71656897096114,22.695080230452298
96.33,2024/05/28 15:35:41.5729,17.133820825838374,23.186202793903103
96.422,2024/05/28 15:35:41.6649,17.04625215827973,23.667136145578183
96.669,2024/05/28 15:35:41.9119,16.955791063076074,23.667136145578183
96.821,2024/05/28 15:35:42.0639,16.212808899563626,23.469128658729534
96.915,2024/05/28 15:35:42.1579,16.106541827938994,23.269436320346625
97.161,2024/05/28 15:35:42.4039,15.581782761383993,23.18260842384509
97.408,2024/05/28 15:35:42.6509,15.460925906459543,23.095454098155333
97.56,2024/05/28 15:35:42.8029,15.551767464321939,23.153833375922872
97.654,2024/05/28 15:35:42.8969,15.429334652410198,23.212065827926647
97.9,2024/05/28 15:35:43.1429,15.376837335315594,23.205602771744587
98.053,2024/05/28 15:35:43.2959,15.828244796354031,23.360222601679123
98.147,2024/05/28 15:35:43.3899,15.828244796354031,23.52020408074726
98.791,2024/05/28 15:35:44.0339,16.130359752562946,23.62202362203543
98.886,2024/05/28 15:35:44.1289,16.237320428956874,23.647410006171924
99.131,2024/05/28 15:35:44.3739,16.33893875195717,23.576824779148414
99.284,2024/05/28 15:35:44.5269,16.458411537715477,23.50673662307609
99.378,2024/05/28 15:35:44.6209,15.892599304193736,22.90342041413611
99.624,2024/05/28 15:35:44.8669,15.973541341496173,22.2830279211182
99.871,2024/05/28 15:35:45.1139,16.05149758473102,22.2830279211182
100.023,2024/05/28 15:35:45.2659,16.1462069849232,22.28377586197336
100.117,2024/05/28 15:35:45.3599,14.3019972883779,20.855854493802614
100.363,2024/05/28 15:35:45.6059,14.3592655016583,19.32183566158592
100.516,2024/05/28 15:35:45.7589,14.36250706511193,19.343388189938874
100.61,2024/05/28 15:35:45.8529,11.154093109860673,17.174593639054947
100.856,2024/05/28 15:35:46.0989,11.189280584559206,14.660604807897023
101.102,2024/05/28 15:35:46.3449,11.220670580489218,14.660604807897023
101.255,2024/05/28 15:35:46.4979,11.220670580489218,14.701473849017088
101.348,2024/05/28 15:35:46.5909,6.786057376167879,12.116104984688768
101.594,2024/05/28 15:35:46.8369,6.786057376167879,8.801515021101007
101.841,2024/05/28 15:35:47.0839,6.786057376167879,8.801515021101007
101.993,2024/05/28 15:35:47.2359,4.1267281298229666,7.420691791650336
102.087,2024/05/28 15:35:47.3299,4.1267281298229666,5.715476066494082
102.24,2024/05/28 15:35:47.4829,4.25197722769413,6.058052492344384
102.333,2024/05/28 15:35:47.5759,4.318364952394667,6.358721045409472
102.58,2024/05/28 15:35:47.8229,4.574919131249475,6.400520812142295
102.826,2024/05/28 15:35:48.0689,4.811862735833858,6.400520812142295
102.979,2024/05/28 15:35:48.2219,5.315451343819066,7.556454194925025
103.072,2024/05/28 15:35:48.3149,5.511638678246361,8.398412548412548
103.319,2024/05/28 15:35:48.5619,5.707828864360623,8.23609940040389
103.471,2024/05/28 15:35:48.7139,6.377402634914806,9.41629792788369
103.565,2024/05/28 15:35:48.8079,6.282981940843555,10.099504938362077
103.811,2024/05/28 15:35:49.0539,6.451320812816969,9.72111104761179
103.963,2024/05/28 15:35:49.2059,6.451320812816969,9.966610925150702
104.057,2024/05/28 15:35:49.2999,6.622497358577598,10.381072520056232
104.303,2024/05/28 15:35:49.5459,6.768843429959723,10.381072520056232
104.55,2024/05/28 15:35:49.7929,6.871982096239199,10.3794669098819
104.702,2024/05/28 15:35:49.9449,6.871982096239199,10.570398920255249
104.796,2024/05/28 15:35:50.0389,6.971534899186223,10.759491933482114
105.042,2024/05/28 15:35:50.2849,7.0499857340685885,10.759491933482114
105.195,2024/05/28 15:35:50.4379,7.054467892149933,10.759491933482114
105.289,2024/05/28 15:35:50.5319,7.092897532200291,10.759491933482114
105.535,2024/05/28 15:35:50.7779,7.111590022187121,10.759491933482114
105.688,2024/05/28 15:35:50.9309,7.459931280691393,11.213087591441232
105.782,2024/05/28 15:35:51.0249,7.47939698841679,11.64903429473877
106.028,2024/05/28 15:35:51.2709,7.480242174455192,11.64903429473877
106.274,2024/05/28 15:35:51.5169,7.462473165587795,11.64903429473877
106.426,2024/05/28 15:35:51.6689,9.369797407002459,13.330416347586446
106.52,2024/05/28 15:35:51.7629,9.382608024069135,14.822280526288793
106.766,2024/05/28 15:35:52.0089,9.438488092446644,14.781745499094482
107.012,2024/05/28 15:35:52.2549,9.491012082218623,14.781745499094482
107.165,2024/05/28 15:35:52.4079,11.707596512177469,16.73320053068151
107.259,2024/05/28 15:35:52.5019,11.767088332127345,18.479718612576328
107.411,2024/05/28 15:35:52.6539,13.81590787262371,20.275601100830524
107.505,2024/05/28 15:35:52.7479,13.877129121099793,21.924871721403527
107.752,2024/05/28 15:35:52.9949,13.877129121099793,21.905859185767326
107.904,2024/05/28 15:35:53.1469,16.012782250511663,23.874672772626646
107.998,2024/05/28 15:35:53.2409,15.903444288263016,25.37715508089904
108.244,2024/05/28 15:35:53.4869,15.903444288263016,25.05726774144912
108.491,2024/05/28 15:35:53.7339,15.903444288263016,25.05726774144912
108.643,2024/05/28 15:35:53.8859,16.864435816305896,25.858589804292627
108.737,2024/05/28 15:35:53.9799,16.79768046384738,26.381180160611972
108.983,2024/05/28 15:35:54.2259,16.728941128008397,26.381180160611972
109.135,2024/05/28 15:35:54.3779,17.142271473301673,26.624550074445704
109.23,2024/05/28 15:35:54.4729,17.06852315692912,26.865715450489432
109.475,2024/05/28 15:35:54.7179,16.99276384195671,26.865715450489432
109.722,2024/05/28 15:35:54.9649,16.905280410189373,26.866335812685733
109.874,2024/05/28 15:35:55.1169,16.94968890637805,26.866335812685733
109.968,2024/05/28 15:35:55.2109,16.86760480785669,26.88060019171199
110.214,2024/05/28 15:35:55.4569,16.783407241102665,26.88060019171199
110.367,2024/05/28 15:35:55.6099,16.71863163294679,26.879980158722834
110.461,2024/05/28 15:35:55.7039,16.630570106552995,26.879360111431225
111.106,2024/05/28 15:35:56.3489,16.608542324988317,26.889279152356117
111.203,2024/05/28 15:35:56.4459,16.592790291424162,26.697690287114103
111.446,2024/05/28 15:35:56.6889,16.506494716204887,26.49465354871935
111.598,2024/05/28 15:35:56.8409,16.629187744970647,26.797387932408636
111.691,2024/05/28 15:35:56.9339,16.481407148942328,26.956137210908636
111.939,2024/05/28 15:35:57.1819,15.853097162863213,26.142557895763247
112.09,2024/05/28 15:35:57.3329,15.765377459382089,25.34495347533048
112.184,2024/05/28 15:35:57.4269,15.60537042837846,25.387004549572207
112.43,2024/05/28 15:35:57.6729,15.434697439777846,25.387004549572207
112.677,2024/05/28 15:35:57.9199,14.332504653938983,24.14263172619478
112.829,2024/05/28 15:35:58.0719,14.259056408303563,22.877208454413022
112.923,2024/05/28 15:35:58.1659,12.60473364830985,21.257155657958254
113.169,2024/05/28 15:35:58.4119,12.447775963471935,19.448221855309377
113.416,2024/05/28 15:35:58.6589,12.277490851521925,19.448221855309377
113.569,2024/05/28 15:35:58.8119,11.190153717884607,18.01110768387108
113.662,2024/05/28 15:35:58.9049,11.0725922371673,16.448910804872966
113.909,2024/05/28 15:35:59.1519,10.941064690044021,16.448910804872966
114.06,2024/05/28 15:35:59.3029,14.115492426294642,18.901499058716656
114.155,2024/05/28 15:35:59.3979,12.510271641803808,19.55334583474995
114.799,2024/05/28 15:36:00.0419,15.287324777428061,20.5993527406405
114.893,2024/05/28 15:36:00.1359,15.3188712407914,22.681857654669
115.292,2024/05/28 15:36:00.5349,15.891731385747963,23.408687845897443
115.632,2024/05/28 15:36:00.8749,16.074682027923203,24.475838426224886
116.031,2024/05/28 15:36:01.2739,16.57268906932396,25.296244780599352
116.371,2024/05/28 15:36:01.6139,16.753658032538734,26.090228055729984
116.77,2024/05/28 15:36:02.0129,16.60480473326525,26.267851073127396
117.016,2024/05/28 15:36:02.2589,16.601793283554283,26.207505286336076
117.602,2024/05/28 15:36:02.8449,16.79425873436413,26.31476138342635
117.755,2024/05/28 15:36:02.9979,17.292081770394493,26.366013476949195
117.848,2024/05/28 15:36:03.0909,17.45088345423581,26.417166136182484
118.095,2024/05/28 15:36:03.3379,17.58316854528625,26.407069760451147
118.247,2024/05/28 15:36:03.4899,18.524416940581396,26.64832702691359
118.341,2024/05/28 15:36:03.5839,18.628367935866457,26.897335679703794
118.587,2024/05/28 15:36:03.8299,18.33669770592879,26.595739007091595
118.74,2024/05/28 15:36:03.9829,19.27788322428559,26.73823728919566
118.834,2024/05/28 15:36:04.0769,19.35036903031031,27.038244518952535
119.08,2024/05/28 15:36:04.3229,19.31219613457327,26.998765403872326
119.326,2024/05/28 15:36:04.5689,19.383130477980956,26.959228475607382
119.479,2024/05/28 15:36:04.7219,19.808305468091937,27.063505562534452
119.573,2024/05/28 15:36:04.8159,19.86879376100224,27.16738240365948
119.819,2024/05/28 15:36:05.0619,19.90439794294884,27.128091221708416
119.972,2024/05/28 15:36:05.2149,20.09529023565411,27.11887411625588
120.065,2024/05/28 15:36:05.3079,20.143622247286682,27.148971742345356
120.312,2024/05/28 15:36:05.5549,20.189789157068997,27.148971742345356
120.463,2024/05/28 15:36:05.7059,19.71291075855422,26.632686683847727
121.051,2024/05/28 15:36:06.2939,19.7387826430582,26.10619339033045
121.203,2024/05/28 15:36:06.4459,19.990831231675834,26.197964297504747
121.296,2024/05/28 15:36:06.5389,17.395467767513278,24.585225915848998
121.543,2024/05/28 15:36:06.7859,17.392692348410467,22.753754268984565
121.695,2024/05/28 15:36:06.9379,13.903443714650766,20.67849124090053
121.789,2024/05/28 15:36:07.0319,14.189238272671465,18.630619957478604
122.035,2024/05/28 15:36:07.2779,11.677712340919705,17.060676031935742
122.282,2024/05/28 15:36:07.5249,12.078288681402253,14.745620818851044
122.434,2024/05/28 15:36:07.6769,10.626847371516089,13.290347374441849
122.528,2024/05/28 15:36:07.7709,11.069062197451963,11.654755824698059
122.775,2024/05/28 15:36:08.0179,10.900015817768894,11.067971810589327
122.926,2024/05/28 15:36:08.1689,11.880100235655418,11.210114480533491
123.021,2024/05/28 15:36:08.2639,12.22941620395995,11.172883841396246
123.266,2024/05/28 15:36:08.5089,12.372754643622619,11.051395085387787
123.513,2024/05/28 15:36:08.7559,12.642248090495153,10.928555866780082
123.666,2024/05/28 15:36:08.9089,14.061278043972417,11.522441870830448
123.759,2024/05/28 15:36:09.0019,13.469633791709814,11.522441870830448
124.006,2024/05/28 15:36:09.2489,13.587350439067716,10.928555866780082
124.158,2024/05/28 15:36:09.4009,14.519151047029037,11.411982007229652
124.252,2024/05/28 15:36:09.4949,13.523245206663393,11.175866856758809
124.498,2024/05/28 15:36:09.7409,13.509511336526089,10.429125882194857
124.745,2024/05/28 15:36:09.9879,13.471127063754446,10.429125882194857
124.896,2024/05/28 15:36:10.1389,13.702965531877224,10.58772874605314
125.389,2024/05/28 15:36:10.6319,12.96041719209303,10.67551716155553
125.483,2024/05/28 15:36:10.7259,12.815624443820642,10.448285345771653
125.729,2024/05/28 15:36:10.9719,12.642929967413158,10.448285345771653
125.882,2024/05/28 15:36:11.1249,12.541242307709537,11.120551545074852
125.976,2024/05/28 15:36:11.2189,12.334653548475199,11.75443178833697
126.222,2024/05/28 15:36:11.4649,12.097116593843678,11.75443178833697
126.468,2024/05/28 15:36:11.7109,10.722465405297575,11.385663499916609
126.621,2024/05/28 15:36:11.8639,11.337304916011075,12.058192235986288
126.715,2024/05/28 15:36:11.9579,10.191781679033808,12.519318405301997
126.961,2024/05/28 15:36:12.2039,9.798486864183197,12.326124019063467
127.207,2024/05/28 15:36:12.4499,9.371085389606348,12.326124019063467
127.359,2024/05/28 15:36:12.6019,10.581701838224708,13.275290329530776
127.454,2024/05/28 15:36:12.6969,10.598254031005881,13.816656614391198
127.605,2024/05/28 15:36:12.8479,11.491176024966704,14.338758663147937
127.7,2024/05/28 15:36:12.9429,11.585960588514439,14.597945060863875
127.946,2024/05/28 15:36:13.1889,11.675891262837258,14.596803303006677
128.193,2024/05/28 15:36:13.4359,11.746606259710976,14.595661455834515
128.344,2024/05/28 15:36:13.5869,12.149641686216185,14.709407420649775
128.438,2024/05/28 15:36:13.6809,11.813152615311466,14.659467930317254
128.685,2024/05/28 15:36:13.9279,11.824385478916897,14.49482666333061
128.837,2024/05/28 15:36:14.0799,11.999808427589606,14.551059526142188
128.931,2024/05/28 15:36:14.1739,11.980299921408388,14.607075910895604
129.177,2024/05/28 15:36:14.4199,10.923979738782855,14.143314085932381
129.424,2024/05/28 15:36:14.6669,10.853729694251111,13.663820841916802
129.576,2024/05/28 15:36:14.8189,11.548797021494835,14.143314085932381
130.068,2024/05/28 15:36:15.3109,10.628307463573137,13.854000625571421
130.163,2024/05/28 15:36:15.4059,10.457412264245095,13.607595917966798
130.807,2024/05/28 15:36:16.0499,10.424551039149462,13.729530217745982
130.902,2024/05/28 15:36:16.1449,10.235446634910922,13.850391089544487
131.147,2024/05/28 15:36:16.3899,9.449441995324825,13.729530217745982
131.3,2024/05/28 15:36:16.5429,11.017697362535914,14.595661455834515
131.394,2024/05/28 15:36:16.6369,10.830777771076972,15.627966385084571
131.64,2024/05/28 15:36:16.8829,10.692192876382562,15.666312052724258
131.886,2024/05/28 15:36:17.1289,10.55146119423041,15.142654985173506
132.039,2024/05/28 15:36:17.2819,12.270186276678192,15.593802187621423
132.133,2024/05/28 15:36:17.3759,12.165525060597039,16.527754435090895
132.379,2024/05/28 15:36:17.6219,12.05757261936579,16.527754435090895
132.531,2024/05/28 15:36:17.7739,13.59804752719055,16.952875862224673
132.625,2024/05/28 15:36:17.8679,13.59804752719055,17.60113632695344
132.872,2024/05/28 15:36:18.1149,13.59804752719055,17.60113632695344
133.118,2024/05/28 15:36:18.3609,13.59804752719055,17.60113632695344
133.27,2024/05/28 15:36:18.5129,13.373674604004574,17.21336689901194
133.364,2024/05/28 15:36:18.6069,13.373674604004574,16.816658407662327
133.611,2024/05/28 15:36:18.8539,12.874326229440916,16.373759494996865
133.762,2024/05/28 15:36:19.0049,12.888736952466932,16.1936201429246
133.857,2024/05/28 15:36:19.0999,12.857128261257941,16.243973241379916
134.103,2024/05/28 15:36:19.3459,12.822214917957782,16.243973241379916
134.255,2024/05/28 15:36:19.4979,12.574559245949118,16.206994374857626
134.349,2024/05/28 15:36:19.5919,12.531156573017114,16.169930941926335
134.596,2024/05/28 15:36:19.8389,12.484288977125049,16.169930941926335
134.842,2024/05/28 15:36:20.0849,12.243177785969104,16.11934655416693
134.994,2024/05/28 15:36:20.2369,12.471622962162641,16.27062793297583
135.088,2024/05/28 15:36:20.3309,12.418423465935895,16.470175064845748
135.486,2024/05/28 15:36:20.7289,12.916397846664982,16.870091878825082
135.827,2024/05/28 15:36:21.0699,12.022249488287,16.667333320000534
135.979,2024/05/28 15:36:21.2219,12.72177967742395,17.06555985994404
136.566,2024/05/28 15:36:21.8089,12.72177967742395,17.416467303484175
136.717,2024/05/28 15:36:21.9599,13.691007200382305,17.780138732117173
136.812,2024/05/28 15:36:22.0549,13.691007200382305,18.136519327956325
137.058,2024/05/28 15:36:22.3009,13.691007200382305,18.136519327956325
137.21,2024/05/28 15:36:22.4529,13.12140481685635,17.369513522260778
137.305,2024/05/28 15:36:22.5479,13.12140481685635,16.56703554250629
137.551,2024/05/28 15:36:22.7939,13.129811652228453,16.53077937263294
137.797,2024/05/28 15:36:23.0399,13.135063191986452,16.53077937263294
137.949,2024/05/28 15:36:23.1919,11.620236015566984,15.64928113364956
138.044,2024/05/28 15:36:23.2869,11.605389156390824,14.71507163874282
138.289,2024/05/28 15:36:23.5319,11.5869526306263,14.71507163874282
138.442,2024/05/28 15:36:23.6849,10.457632091708337,14.353861269126622
138.535,2024/05/28 15:36:23.7779,10.425929215183238,13.983323400870528
138.782,2024/05/28 15:36:24.0249,10.390147853317826,13.983323400870528
139.028,2024/05/28 15:36:24.2709,10.350245707562168,13.983323400870528
139.181,2024/05/28 15:36:24.4239,10.678639114294736,14.521248798456236
139.275,2024/05/28 15:36:24.5179,10.638522497017757,15.039946808416577
139.521,2024/05/28 15:36:24.7639,10.594348959944199,15.039946808416577
139.673,2024/05/28 15:36:24.9159,10.8651081316596,15.201973556088038
140.26,2024/05/28 15:36:25.5029,10.827593528074825,15.362291495737216
140.412,2024/05/28 15:36:25.6549,10.807032618762733,15.372052563011877
140.506,2024/05/28 15:36:25.7489,10.796391478893783,15.312304420519684
140.753,2024/05/28 15:36:25.9959,10.796391478893783,15.281797450998143
140.904,2024/05/28 15:36:26.1469,10.781476238673042,15.390473243752664
140.998,2024/05/28 15:36:26.2409,10.781476238673042,15.498387012847498
141.244,2024/05/28 15:36:26.4869,10.709593937160419,15.286159317064135
141.397,2024/05/28 15:36:26.6399,10.698855884691262,15.181128636128035
141.491,2024/05/28 15:36:26.7339,10.382622528760464,14.84811997077969
141.737,2024/05/28 15:36:26.9799,10.417105737873362,14.626460041080799
141.983,2024/05/28 15:36:27.2259,9.461901828221695,14.064138793399332
142.136,2024/05/28 15:36:27.3789,9.809741815296068,13.873235623554683
142.23,2024/05/28 15:36:27.4729,8.729985319470353,13.67966861197059
142.476,2024/05/28 15:36:27.7189,8.731565145211015,13.076696830622021
142.629,2024/05/28 15:36:27.8719,9.19745092122179,13.528981237821764
143.121,2024/05/28 15:36:28.3639,9.313443503080123,13.351654079801
143.215,2024/05/28 15:36:28.4579,9.321585381414247,13.66747965061591
143.462,2024/05/28 15:36:28.7049,9.325283885235695,13.66747965061591
143.708,2024/05/28 15:36:28.9509,9.324544301829855,13.66747965061591
143.86,2024/05/28 15:36:29.1029,9.594119367445321,13.917614738165444
143.953,2024/05/28 15:36:29.1959,9.601304987931147,14.163332941084171
144.2,2024/05/28 15:36:29.4429,9.60417773081402,14.163332941084171
144.352,2024/05/28 15:36:29.5949,8.452436226374632,13.382824813917276
144.447,2024/05/28 15:36:29.6899,8.480945512242087,12.553883861180172
144.693,2024/05/28 15:36:29.9359,8.504495092691778,12.553883861180172
144.939,2024/05/28 15:36:30.1819,8.52312607914069,12.553883861180172
145.091,2024/05/28 15:36:30.3339,7.057155820574916,11.583033569262703
145.186,2024/05/28 15:36:30.4289,7.103908589036809,10.52299070290064
145.432,2024/05/28 15:36:30.6749,7.144566297979035,10.52299070290064
145.583,2024/05/28 15:36:30.8259,6.757626598251165,10.233930492891446
145.678,2024/05/28 15:36:30.9209,6.806437115474456,9.936464830780277
145.925,2024/05/28 15:36:31.1679,6.799594308385718,9.921357434007371
146.17,2024/05/28 15:36:31.4129,6.832982889809104,9.906226997870245
146.323,2024/05/28 15:36:31.5659,7.555465404015374,10.17185659880568
146.909,2024/05/28 15:36:32.1519,7.480549491157923,10.327955589886445
147.061,2024/05/28 15:36:32.3039,10.47651999780329,12.205190152827061
147.155,2024/05/28 15:36:32.3979,10.47651999780329,13.949910393977447
147.402,2024/05/28 15:36:32.6449,10.370659319090912,13.82991925741675
147.553,2024/05/28 15:36:32.7959,11.871389348238559,14.762565269401295
148.141,2024/05/28 15:36:33.3839,11.871389348238559,15.745898936971917
148.292,2024/05/28 15:36:33.5349,13.717846417890263,17.13378728322103
148.387,2024/05/28 15:36:33.6299,13.262339732204465,18.121810064118872
148.633,2024/05/28 15:36:33.8759,13.262339732204465,17.82133552795637
148.88,2024/05/28 15:36:34.1229,13.262339732204465,17.82133552795637
149.031,2024/05/28 15:36:34.2739,14.39524187034511,18.875027593798816
149.126,2024/05/28 15:36:34.3689,13.734929044667721,20.172588662175546
149.372,2024/05/28 15:36:34.6149,13.734929044667721,19.83935482821959
149.524,2024/05/28 15:36:34.7669,15.215086282196923,21.140797840510498
149.618,2024/05/28 15:36:34.8609,15.215086282196923,22.366641828103447
149.865,2024/05/28 15:36:35.1079,14.721163122462292,22.175061067183858
150.016,2024/05/28 15:36:35.2589,14.876850797637026,22.253838620187157
150.111,2024/05/28 15:36:35.3539,14.876850797637026,22.522581261184666
150.357,2024/05/28 15:36:35.5999,14.431009077278183,22.377071598699715
150.509,2024/05/28 15:36:35.7519,14.467919327088888,22.233608194203057
150.604,2024/05/28 15:36:35.8469,14.467919327088888,22.23660645572221
150.849,2024/05/28 15:36:36.0919,14.467919327088888,22.23660645572221
151.096,2024/05/28 15:36:36.3389,14.222371886184963,22.175812649521248
151.247,2024/05/28 15:36:36.4899,15.0702950569466,22.444746972658585
151.342,2024/05/28 15:36:36.5849,15.0702950569466,22.76986312358216
151.588,2024/05/28 15:36:36.8309,14.993523506048112,22.75814872377218
151.74,2024/05/28 15:36:36.9829,16.6056353819047,23.530830839560256
151.835,2024/05/28 15:36:37.0779,16.6056353819047,24.289915602982237
152.233,2024/05/28 15:36:37.4759,18.380899631529335,25.261301101355276
152.574,2024/05/28 15:36:37.8169,18.29754081837198,26.071696019502326
152.725,2024/05/28 15:36:37.9679,19.738782643057736,26.81106736654349
152.82,2024/05/28 15:36:38.0629,18.62466539080732,26.81106736654349
153.066,2024/05/28 15:36:38.3089,18.62466539080732,25.946097972527586
153.313,2024/05/28 15:36:38.5559,18.62466539080732,25.946097972527586
153.464,2024/05/28 15:36:38.7069,18.750509571619748,26.025628394590846
153.559,2024/05/28 15:36:38.8019,18.750509571619748,26.104916522882558
153.804,2024/05/28 15:36:39.0469,17.37814719698289,25.232254490367417
154.051,2024/05/28 15:36:39.2939,17.421911161114068,24.311177127677986
154.203,2024/05/28 15:36:39.4459,17.839514451410242,24.842839343896795
154.297,2024/05/28 15:36:39.5399,17.88793338872732,25.36335939894398
154.544,2024/05/28 15:36:39.7869,16.16655409369531,24.343376922686794
154.79,2024/05/28 15:36:40.0329,16.230239975280117,23.278745670675644
154.942,2024/05/28 15:36:40.1849,17.398936418808834,23.757805734817627
155.036,2024/05/28 15:36:40.2789,15.53357505608407,23.100505044984047
155.283,2024/05/28 15:36:40.5259,15.599476855360495,21.915747762739013
155.529,2024/05/28 15:36:40.7719,15.663266933640966,21.915747762739013
155.681,2024/05/28 15:36:40.9239,25.852010304454225,29.03101789465881
156.267,2024/05/28 15:36:41.5099,25.93185144836803,34.11890971294364
156.42,2024/05/28 15:36:41.6629,36.125340550436896,41.252070655099644
156.514,2024/05/28 15:36:41.7569,36.118515008742584,47.32053817670857
156.76,2024/05/28 15:36:42.0029,36.11904009620472,47.31912932419615
156.912,2024/05/28 15:36:42.1549,40.554263350010906,50.46087593373702
157.006,2024/05/28 15:36:42.2489,40.5179256484157,53.4181617055473
